{
  "IcoMoonType": "selection",
  "icons": [
    {
      "icon": {
        "paths": [
          "M70.044 530.733c16.495 228.467 216.717 414.344 456.344 424.543 169.065 7.1 320.262-69.202 410.982-189.426 37.574-49.241 17.415-82.070-45.356-70.977-30.7 5.325-62.314 7.543-95.3 6.212-224.050-8.875-407.32-190.314-408.236-404.583-0.459-57.67 11.913-112.236 34.363-161.921 24.742-55.009-5.039-81.182-62.312-57.67-181.438 74.084-305.603 251.088-290.484 453.822z"
        ],
        "attrs": [
          {
            "fill": "none",
            "stroke": "rgb(255, 255, 255)",
            "strokeLinejoin": "round",
            "strokeLinecap": "round",
            "strokeMiterlimit": "4",
            "strokeWidth": 68.26666666666667
          }
        ],
        "isMulticolor": false,
        "isMulticolor2": false,
        "grid": 0,
        "tags": [
          "moon"
        ],
        "colorPermutations": {
          "183183183124811925124824824812552552551": [
            {
              "s": 3
            }
          ]
        }
      },
      "attrs": [
        {
          "fill": "none",
          "stroke": "rgb(255, 255, 255)",
          "strokeLinejoin": "round",
          "strokeLinecap": "round",
          "strokeMiterlimit": "4",
          "strokeWidth": 68.26666666666667
        }
      ],
      "properties": {
        "order": 7,
        "id": 6,
        "name": "moon",
        "prevSize": 32
      },
      "setIdx": 0,
      "setId": 5,
      "iconIdx": 0
    },
    {
      "icon": {
        "paths": [
          "M150.651 150.651c200.329-200.329 524.512-200.946 724.078-1.379s198.946 523.746-1.382 724.074c-200.329 200.329-524.507 200.949-724.074 1.382s-198.95-523.749 1.379-724.078z"
        ],
        "attrs": [
          {
            "fill": "rgb(255, 255, 255)"
          }
        ],
        "isMulticolor": false,
        "isMulticolor2": false,
        "grid": 0,
        "tags": [
          "sun"
        ],
        "colorPermutations": {
          "183183183124811925124824824812552552551": [
            {
              "f": 3
            }
          ]
        }
      },
      "attrs": [
        {
          "fill": "rgb(255, 255, 255)"
        }
      ],
      "properties": {
        "order": 6,
        "id": 5,
        "name": "sun",
        "prevSize": 32
      },
      "setIdx": 0,
      "setId": 5,
      "iconIdx": 1
    },
    {
      "icon": {
        "paths": [
          "M512 978.651l-71.68-71.68c-266.24-235.52-440.32-394.24-440.32-588.8 0-158.72 122.88-281.6 281.6-281.6 87.040 0 174.080 40.96 230.4 107.52 56.32-66.56 143.36-107.52 230.4-107.52 158.72 0 281.6 122.88 281.6 281.6 0 194.56-174.080 353.28-440.32 588.8l-71.68 71.68z"
        ],
        "attrs": [
          {
            "fill": "rgb(248, 119, 25)"
          }
        ],
        "isMulticolor": false,
        "isMulticolor2": false,
        "grid": 0,
        "tags": [
          "heart"
        ],
        "colorPermutations": {
          "183183183124811925124824824812552552551": [
            {
              "f": 0
            }
          ]
        }
      },
      "attrs": [
        {
          "fill": "rgb(248, 119, 25)"
        }
      ],
      "properties": {
        "order": 5,
        "id": 2,
        "name": "heart",
        "prevSize": 32
      },
      "setIdx": 0,
      "setId": 5,
      "iconIdx": 2
    },
    {
      "icon": {
        "paths": [
          "M736 736l-448-448M736 288l-448 448"
        ],
        "attrs": [
          {
            "fill": "none",
            "stroke": "rgb(255, 255, 255)",
            "strokeLinejoin": "round",
            "strokeLinecap": "round",
            "strokeMiterlimit": "4",
            "strokeWidth": 42.666666666666664
          }
        ],
        "isMulticolor": false,
        "isMulticolor2": false,
        "grid": 0,
        "tags": [
          "close"
        ],
        "colorPermutations": {
          "183183183124811925124824824812552552551": [
            {
              "s": 3
            }
          ]
        }
      },
      "attrs": [
        {
          "fill": "none",
          "stroke": "rgb(255, 255, 255)",
          "strokeLinejoin": "round",
          "strokeLinecap": "round",
          "strokeMiterlimit": "4",
          "strokeWidth": 42.666666666666664
        }
      ],
      "properties": {
        "order": 4,
        "id": 1,
        "name": "close",
        "prevSize": 32
      },
      "setIdx": 0,
      "setId": 5,
      "iconIdx": 3
    },
    {
      "icon": {
        "paths": [
          "M469.334 810.665c188.515 0 341.331-152.817 341.331-341.331 0-188.513-152.817-341.334-341.331-341.334-188.513 0-341.334 152.82-341.334 341.334 0 188.515 152.82 341.331 341.334 341.331z",
          "M896 896l-185.6-185.6"
        ],
        "attrs": [
          {
            "fill": "none",
            "stroke": "rgb(255, 255, 255)",
            "strokeLinejoin": "round",
            "strokeLinecap": "round",
            "strokeMiterlimit": "4",
            "strokeWidth": 66.56
          },
          {
            "fill": "none",
            "stroke": "rgb(255, 255, 255)",
            "strokeLinejoin": "round",
            "strokeLinecap": "round",
            "strokeMiterlimit": "4",
            "strokeWidth": 66.56
          }
        ],
        "isMulticolor": false,
        "isMulticolor2": false,
        "grid": 0,
        "tags": [
          "search"
        ],
        "colorPermutations": {
          "183183183124811925124824824812552552551": [
            {
              "s": 3
            },
            {
              "s": 3
            }
          ]
        }
      },
      "attrs": [
        {
          "fill": "none",
          "stroke": "rgb(255, 255, 255)",
          "strokeLinejoin": "round",
          "strokeLinecap": "round",
          "strokeMiterlimit": "4",
          "strokeWidth": 66.56
        },
        {
          "fill": "none",
          "stroke": "rgb(255, 255, 255)",
          "strokeLinejoin": "round",
          "strokeLinecap": "round",
          "strokeMiterlimit": "4",
          "strokeWidth": 66.56
        }
      ],
      "properties": {
        "order": 3,
        "id": 0,
        "name": "search",
        "prevSize": 32
      },
      "setIdx": 0,
      "setId": 5,
      "iconIdx": 4
    }
  ],
  "height": 1024,
  "preferences": {
    "showGlyphs": true,
    "showQuickUse": true,
    "showQuickUse2": true,
    "showSVGs": true,
    "fontPref": {
      "prefix": "icon-",
      "metadata": {
        "fontFamily": "icomoon"
      },
      "metrics": {
        "emSize": 1024,
        "baseline": 6.25,
        "whitespace": 50
      },
      "embed": false
    },
    "imagePref": {
      "prefix": "icon-",
      "png": true,
      "useClassSelector": true,
      "color": 0,
      "bgColor": 16777215,
      "classSelector": ".icon",
      "name": "icomoon"
    },
    "historySize": 50,
    "showCodes": true,
    "gridSize": 16
  }
}